{"recency": {"lower": -234.0, "upper": 694.0}, "monetary": {"lower": -112.98125000000002, "upper": 315.36875000000003}}